"SHA256","SizeBytes","RelPath","FullPath","Extension","LastWriteTime"
"0D99E4DB282DCE13EFA489C2EFEECFD0C5B65FD8E8AC7301EE7479BA241039B4","5597","frontend\Archive\20250924%20src-app\src\styles\globals.css","C:\GeoHistory\frontend\Archive\20250924 src-app\src\styles\globals.css",".css","04/09/2025 00:14:54"
"0D99E4DB282DCE13EFA489C2EFEECFD0C5B65FD8E8AC7301EE7479BA241039B4","5597","restore_backups\frontend-old-20250911-223645\src\styles\globals.css","C:\GeoHistory\restore_backups\frontend-old-20250911-223645\src\styles\globals.css",".css","04/09/2025 00:14:54"
"14F53B7E3612439A34DF06E21264984CFEB1FE17F2A15E28AF676D0D4A9C5846","3686","frontend\Archive\20250924%20src-app\src\app\api\options\route.js","C:\GeoHistory\frontend\Archive\20250924 src-app\src\app\api\options\route.js",".js","09/09/2025 22:10:32"
"14F53B7E3612439A34DF06E21264984CFEB1FE17F2A15E28AF676D0D4A9C5846","3686","restore_backups\frontend-old-20250911-223645\src\app\api\options\route.js","C:\GeoHistory\restore_backups\frontend-old-20250911-223645\src\app\api\options\route.js",".js","09/09/2025 22:10:33"
"337C69379C3BD325E7F15E0EDBA89BF1D47A054D2CA1076F05C3DF9D0A364E6C","2490","frontend\Archive\20250924%20src-app\src\app\api\diag\route.js","C:\GeoHistory\frontend\Archive\20250924 src-app\src\app\api\diag\route.js",".js","04/09/2025 14:01:38"
"337C69379C3BD325E7F15E0EDBA89BF1D47A054D2CA1076F05C3DF9D0A364E6C","2490","restore_backups\frontend-old-20250911-223645\src\app\api\diag\route.js","C:\GeoHistory\restore_backups\frontend-old-20250911-223645\src\app\api\diag\route.js",".js","04/09/2025 14:01:38"
"3D928EBCCF47F9EDC86A5E43F9CEBC867C69A144D4B40A697B77E68D4E69EBB5","6034","frontend\Archive\20250924%20src-app\src\app\api\events\route.js","C:\GeoHistory\frontend\Archive\20250924 src-app\src\app\api\events\route.js",".js","22/09/2025 23:43:26"
"3D928EBCCF47F9EDC86A5E43F9CEBC867C69A144D4B40A697B77E68D4E69EBB5","6034","restore_backups\frontend-old-20250911-223645\src\app\api\events\route.js","C:\GeoHistory\restore_backups\frontend-old-20250911-223645\src\app\api\events\route.js",".js","04/09/2025 14:00:25"
"4A48CFA9B020A83D3EA547D63E51F3C4B61CB663955436D1FE7F14D9D59D0514","1993","frontend\Archive\20250924%20src-app\src\app\api\health\route.js","C:\GeoHistory\frontend\Archive\20250924 src-app\src\app\api\health\route.js",".js","02/09/2025 22:58:26"
"4A48CFA9B020A83D3EA547D63E51F3C4B61CB663955436D1FE7F14D9D59D0514","1993","restore_backups\frontend-old-20250911-223645\src\app\api\health\route.js","C:\GeoHistory\restore_backups\frontend-old-20250911-223645\src\app\api\health\route.js",".js","02/09/2025 22:58:27"
"601A329F2F5CA7E4E192005C6C2452274C10AF9B78EABC5C369CA6444CDCDE56","371","backend\package.json","C:\GeoHistory\backend\package.json",".json","31/08/2025 22:36:16"
"601A329F2F5CA7E4E192005C6C2452274C10AF9B78EABC5C369CA6444CDCDE56","371","restore_backups\backend-old-20250911-223645\package.json","C:\GeoHistory\restore_backups\backend-old-20250911-223645\package.json",".json","31/08/2025 22:36:16"
"714AAA8091CCE5BFAACD3FEA890120D0DCE2EEC8D10BF60841D3445E6D4FF6AB","1968","frontend\Archive\20250924%20src-app\src\lib\api.js","C:\GeoHistory\frontend\Archive\20250924 src-app\src\lib\api.js",".js","22/09/2025 23:43:26"
"714AAA8091CCE5BFAACD3FEA890120D0DCE2EEC8D10BF60841D3445E6D4FF6AB","1968","restore_backups\frontend-old-20250911-223645\src\lib\api.js","C:\GeoHistory\restore_backups\frontend-old-20250911-223645\src\lib\api.js",".js","09/09/2025 22:22:24"
"7256B1BEBB2EC3544DFB92BDE0F931D60C2BCB94553F30DAAC665EB43B710B0B","281480","frontend\public\logo.png","C:\GeoHistory\frontend\public\logo.png",".png","03/09/2025 20:03:54"
"7256B1BEBB2EC3544DFB92BDE0F931D60C2BCB94553F30DAAC665EB43B710B0B","281480","restore_backups\frontend-old-20250911-223645\public\logo.png","C:\GeoHistory\restore_backups\frontend-old-20250911-223645\public\logo.png",".png","03/09/2025 20:03:55"
"80B0DE567AAFB7C0910275D30C4562F0DAC6E9C7CEF8557F98EFAE6E61F6D69C","248","frontend\Archive\20250924%20src-app\src\app\api\ping\route.js","C:\GeoHistory\frontend\Archive\20250924 src-app\src\app\api\ping\route.js",".js","04/09/2025 13:42:06"
"80B0DE567AAFB7C0910275D30C4562F0DAC6E9C7CEF8557F98EFAE6E61F6D69C","248","restore_backups\frontend-old-20250911-223645\src\app\api\ping\route.js","C:\GeoHistory\restore_backups\frontend-old-20250911-223645\src\app\api\ping\route.js",".js","04/09/2025 13:42:06"
"841DAE1AC5008C435C4D6142879F750E5A0FA46D6539CF15A10CE38C28088C1C","42198","backend\package-lock.json","C:\GeoHistory\backend\package-lock.json",".json","31/08/2025 22:36:44"
"841DAE1AC5008C435C4D6142879F750E5A0FA46D6539CF15A10CE38C28088C1C","42198","restore_backups\backend-old-20250911-223645\package-lock.json","C:\GeoHistory\restore_backups\backend-old-20250911-223645\package-lock.json",".json","31/08/2025 22:36:45"
"85B6FADE539594FC2095FFF941A2C55AD408FC5F33C0A76FEB8674E106ADD187","4044","frontend\Archive\20250924%20src-app\src\app\api\events\bounds\route.js","C:\GeoHistory\frontend\Archive\20250924 src-app\src\app\api\events\bounds\route.js",".js","04/09/2025 14:00:54"
"85B6FADE539594FC2095FFF941A2C55AD408FC5F33C0A76FEB8674E106ADD187","4044","restore_backups\frontend-old-20250911-223645\src\app\api\events\bounds\route.js","C:\GeoHistory\restore_backups\frontend-old-20250911-223645\src\app\api\events\bounds\route.js",".js","04/09/2025 14:00:55"
"90E756164350C11C4F9D4155D0583E47571A90A234A09D436C47366E66121607","47748","frontend\app\module\group_event\page_inner%2005%20ok%20no%20rating.tsx","C:\GeoHistory\frontend\app\module\group_event\page_inner 05 ok no rating.tsx",".tsx","19/10/2025 17:46:40"
"90E756164350C11C4F9D4155D0583E47571A90A234A09D436C47366E66121607","47748","frontend\app\module\group_event\page_inner.tsx","C:\GeoHistory\frontend\app\module\group_event\page_inner.tsx",".tsx","19/10/2025 17:46:40"
"B0AFC5D9F5430025E07CCF0BEDC6C49C8779E339419DE2FAD1BF7BECC9CBF905","1343","frontend\Archive\20250924%20src-app\src\app\api\dbcheck\route.js","C:\GeoHistory\frontend\Archive\20250924 src-app\src\app\api\dbcheck\route.js",".js","04/09/2025 22:28:16"
"B0AFC5D9F5430025E07CCF0BEDC6C49C8779E339419DE2FAD1BF7BECC9CBF905","1343","restore_backups\frontend-old-20250911-223645\src\app\api\dbcheck\route.js","C:\GeoHistory\restore_backups\frontend-old-20250911-223645\src\app\api\dbcheck\route.js",".js","04/09/2025 22:28:17"
"ED5DDD2362C6351CED4C696C7E2DDF926490CF968B15BB55BF201AB28846E1DC","350","backend\.env","C:\GeoHistory\backend\.env",".env","31/08/2025 22:35:42"
"ED5DDD2362C6351CED4C696C7E2DDF926490CF968B15BB55BF201AB28846E1DC","350","restore_backups\backend-old-20250911-223645\.env","C:\GeoHistory\restore_backups\backend-old-20250911-223645\.env",".env","31/08/2025 22:35:42"
"F1945CD6C19E56B3C1C78943EF5EC18116907A4CA1EFC40A57D48AB1DB7ADFC5","3","backend\audit-20250922-150959\endpoints.csv","C:\GeoHistory\backend\audit-20250922-150959\endpoints.csv",".csv","22/09/2025 15:11:59"
"F1945CD6C19E56B3C1C78943EF5EC18116907A4CA1EFC40A57D48AB1DB7ADFC5","3","frontend\Archive\audit-20250922-150959\branding_refs.csv","C:\GeoHistory\frontend\Archive\audit-20250922-150959\branding_refs.csv",".csv","22/09/2025 15:11:28"
